project_id,title,school,juror,p1,p2,p3,p4,p5,p6,p7,f1,f2,f3,f4,f5,f6,f7,f8,f9,f10,f11,f12,e1,e2,e3,e4,e5
CYB-001,ReAgua Escolar,IE Ficticia Amanecer,J1,4,4,3,4,3,3,4,4,4,3,4,3,4,3,3,4,3,4,3,4,4,4,4,4,3
CYB-001,ReAgua Escolar,IE Ficticia Amanecer,J2,4,3,3,4,3,3,4,4,3,3,4,3,4,3,3,4,3,4,3,4,4,4,4,3,3
CYB-001,ReAgua Escolar,IE Ficticia Amanecer,J3,4,4,3,4,3,4,4,4,4,3,4,3,4,4,3,4,3,4,3,4,4,4,4,4,4
CYB-002,Barrio BioTextil,IE Ficticia Horizonte,J1,3,4,4,4,4,3,3,3,4,4,3,4,3,4,4,4,4,4,3,4,4,3,4,4,4
CYB-002,Barrio BioTextil,IE Ficticia Horizonte,J2,3,4,4,4,4,4,3,3,4,4,3,4,3,4,4,4,4,4,4,4,4,3,4,4,4
CYB-002,Barrio BioTextil,IE Ficticia Horizonte,J3,3,4,3,4,4,3,3,3,4,4,3,4,3,4,4,4,4,4,3,4,4,3,4,4,4
CYB-003,Kiosko Circular,IE Ficticia Los Andes,J1,3,3,3,4,2,3,3,3,3,3,3,3,3,3,2,3,3,3,3,3,2,3,3,3,3
CYB-003,Kiosko Circular,IE Ficticia Los Andes,J2,3,3,3,4,2,3,3,3,3,3,3,3,3,3,2,3,3,3,3,3,2,3,3,3,3
CYB-003,Kiosko Circular,IE Ficticia Los Andes,J3,3,3,3,4,2,3,3,3,3,3,3,3,3,3,2,3,3,3,3,3,2,3,3,3,3
